Ala-AGC-1_tRNA	130	521	0
Ala-TGC-1_tRNA	130	96	0
Arg-ACG-1_tRNA	130	962	0
Arg-CCG-1_tRNA	129	13	0
Arg-CCT-1_tRNA	129	15	0
Arg-TCT-1_tRNA	129	102	0
Asn-GTT-1_tRNA	131	502	0
Asp-GTC-1_tRNA	129	76	0
Cys-GCA-1_tRNA	129	42	0
Gln-TTG-2_tRNA	129	1995	0
Glu-TTC-1_tRNA	129	7242	0
Gly-CCC-1_tRNA	129	50	0
Gly-GCC-1_tRNA	128	522	0
Gly-TCC-1_tRNA	129	7939	0
His-GTG-1_tRNA	129	941	0
Ile-AAT-1_tRNA	131	197	0
Ile-TAT-1_tRNA	130	47	0
Leu-CAA-1_tRNA	139	8234	0
Leu-GAG-1_tRNA	139	102	0
Leu-TAA-1_tRNA	141	260	0
Leu-TAG-1_tRNA	139	76	0
Lys-CTT-1_tRNA	130	1243	0
Lys-TTT-1_tRNA	130	413	0
Met-CAT-1_tRNA	130	121	0
Phe-GAA-2_tRNA	130	3	0
Pro-TGG-1_tRNA	129	2744	0
Ser-AGA-1_tRNA	139	2116	0
Ser-GCT-1_tRNA	139	1739	0
Ser-TGA-1_tRNA	139	2909	0
Thr-AGT-1_tRNA	130	24	0
Thr-CGT-1_tRNA	129	12	0
Thr-TGT-2_tRNA	129	10	0
Trp-CCA-1_tRNA	129	63	0
Tyr-GTA-1_tRNA	132	73	0
Val-AAC-1_tRNA	131	113	0
Val-CAC-1_tRNA	130	15	0
Val-TAC-1_tRNA	131	98	0
iMet-CAT-1_tRNA	129	439	0
mtAla-TGC-1_tRNA	133	12	0
mtArg-ACG-1_tRNA	131	71	0
mtArg-TCT-1_tRNA	130	39	0
mtAsn-GTT-1_tRNA	128	31	0
mtAsp-GTC-1_tRNA	132	36	0
mtCys-GCA-1_tRNA	133	27	0
mtGln-TTG-1_tRNA	133	332	0
mtGlu-TTC-1_tRNA	129	132	0
mtGly-TCC-1_tRNA	132	36	0
mtHis-GTG-1_tRNA	132	1	0
mtIle-GAT-1_tRNA	133	49	0
mtLeu-TAA-1_tRNA	142	22	0
mtLys-TTT-1_tRNA	131	55	0
mtMet-CAT-1_tRNA	133	41	0
mtPhe-GAA-1_tRNA	132	13	0
mtPro-TGG-1_tRNA	129	15	0
mtSer-GCT-1_tRNA	143	14	0
mtSer-TGA-1_tRNA	147	45	0
mtThr-TAG-1_tRNA	131	12	0
mtThr-TGT-1_tRNA	133	6	0
mtTrp-TCA-1_tRNA	131	12	0
mtTyr-GTA-1_tRNA	141	2291	0
mtVal-TAC-1_tRNA	133	90	0
mtfMet-CAT-1_tRNA	135	13	0
oligo3	600	0	0
oligo5	480	93	0
21s_mtrRNA	3296	15254	0
15s_mtrRNA	1649	12149	0
5s_rRNA	121	61752	0
5.8s_rRNA	158	122065	0
18s_rRNA	1800	64031	0
25s_rRNA	3396	224934	0
snR7-L_snRNA	214	266	0
snR14_snRNA	160	466	0
snR6_snRNA	112	52	0
LSR1_snRNA	1175	4719	0
snR19_snRNA	568	2205	0
snR7-S_snRNA	179	0	0
HRA1_ncRNA	564	0	0
ICR1_ncRNA	3199	1	0
RUF21_ncRNA	707	4	0
SRG1_ncRNA	551	4	0
PWR1_ncRNA	941	0	0
RUF5-1_ncRNA	710	0	0
IRT1_ncRNA	1489	4	0
SCR1_ncRNA	522	6706	0
RPR1_ncRNA	369	299	0
ZOD1_ncRNA	58	0	0
Q0285_ncRNA	483	178	0
RUF20_ncRNA	443	0	0
RNA170_ncRNA	169	0	0
RME3_ncRNA	1905	1	0
RUF5-2_ncRNA	710	0	0
RUF23_ncRNA	254	0	0
RME2_ncRNA	2223	7	0
RUF22_ncRNA	515	0	0
snR82_snoRNA	268	341	0
snR60_snoRNA	104	136	0
snR71_snoRNA	90	1	0
snR64_snoRNA	101	62	0
snR54_snoRNA	86	1	0
snR67_snoRNA	82	3	0
snR189_snoRNA	189	138	0
snR38_snoRNA	95	1	0
snR190_snoRNA	190	808	0
snR47_snoRNA	99	15	0
snR85_snoRNA	171	132	0
snR50_snoRNA	90	1	0
snR39B_snoRNA	96	8	0
snR49_snoRNA	165	218	0
snR24_snoRNA	89	5	0
snR33_snoRNA	183	175	0
snR66_snoRNA	86	2	0
snR5_snoRNA	204	200	0
snR59_snoRNA	78	0	0
snR39_snoRNA	89	3	0
snR34_snoRNA	203	291	0
snR32_snoRNA	188	231	0
snR77_snoRNA	88	0	0
snR78_snoRNA	87	5	0
snR30_snoRNA	606	882	0
snR68_snoRNA	136	192	0
snR75_snoRNA	89	0	0
snR65_snoRNA	100	4	0
snR45_snoRNA	172	362	0
snR72_snoRNA	98	5	0
NME1_snoRNA	340	228	0
snR42_snoRNA	351	402	0
snR4_snoRNA	186	390	0
snR87_snoRNA	109	1	0
snR44_snoRNA	211	193	0
snR63_snoRNA	255	274	0
snR43_snoRNA	209	289	0
snR52_snoRNA	92	5	0
snR79_snoRNA	84	0	0
snR51_snoRNA	107	490	0
snR48_snoRNA	113	32	0
snR80_snoRNA	171	171	0
snR36_snoRNA	182	107	0
snR55_snoRNA	98	4	0
snR86_snoRNA	1004	334	0
snR40_snoRNA	97	80	0
snR35_snoRNA	204	319	0
snR17a_snoRNA	333	826	0
snR57_snoRNA	88	3	0
snR62_snoRNA	100	2	0
snR56_snoRNA	88	1	0
snR31_snoRNA	225	170	0
snR18_snoRNA	102	10	0
snR37_snoRNA	386	2164	0
snR128_snoRNA	126	866	0
snR11_snoRNA	258	385	0
snR73_snoRNA	106	33	0
snR83_snoRNA	306	354	0
snR74_snoRNA	88	0	0
snR3_snoRNA	194	490	0
snR81_snoRNA	201	42	0
snR10_snoRNA	245	552	0
snR70_snoRNA	164	334	0
snR9_snoRNA	187	257	0
snR61_snoRNA	90	4	0
snR13_snoRNA	124	97	0
snR84_snoRNA	550	299	0
snR58_snoRNA	96	7	0
snR191_snoRNA	274	435	0
snR76_snoRNA	109	17	0
snR161_snoRNA	161	40	0
snR17b_snoRNA	332	54	0
snR46_snoRNA	197	120	0
snR41_snoRNA	95	84	0
snR69_snoRNA	101	64	0
snR53_snoRNA	91	3	0
snR8_snoRNA	190	182	0
R2-117-1_Sequins	1039	76290	0
R2-63-3_Sequins	712	118049	0
R1-103-1_Sequins	1754	23134	0
R1-81-2_Sequins	1651	17488	0
Guanine_IVT	165	81170	0
Lysine_IVT	242	62535	0
Tetrahymena_IVT	512	22197	0
*	0	0	0
