Ala-AGC-1_tRNA	130	1115	0
Ala-TGC-1_tRNA	130	63	0
Arg-ACG-1_tRNA	130	1125	0
Arg-CCG-1_tRNA	129	9	0
Arg-CCT-1_tRNA	129	10	0
Arg-TCT-1_tRNA	129	97	0
Asn-GTT-1_tRNA	131	367	0
Asp-GTC-1_tRNA	129	131	0
Cys-GCA-1_tRNA	129	42	0
Gln-TTG-2_tRNA	129	2800	0
Glu-TTC-1_tRNA	129	1725	0
Gly-CCC-1_tRNA	129	41	0
Gly-GCC-1_tRNA	128	209	0
Gly-TCC-1_tRNA	129	4322	0
His-GTG-1_tRNA	129	1252	0
Ile-AAT-1_tRNA	131	94	0
Ile-TAT-1_tRNA	130	48	0
Leu-CAA-1_tRNA	139	4310	0
Leu-GAG-1_tRNA	139	83	0
Leu-TAA-1_tRNA	141	347	0
Leu-TAG-1_tRNA	139	81	0
Lys-CTT-1_tRNA	130	577	0
Lys-TTT-1_tRNA	130	262	0
Met-CAT-1_tRNA	130	133	0
Phe-GAA-2_tRNA	130	27	0
Pro-TGG-1_tRNA	129	5536	0
Ser-AGA-1_tRNA	139	807	0
Ser-GCT-1_tRNA	139	779	0
Ser-TGA-1_tRNA	139	1065	0
Thr-AGT-1_tRNA	130	44	0
Thr-CGT-1_tRNA	129	18	0
Thr-TGT-2_tRNA	129	13	0
Trp-CCA-1_tRNA	129	25	0
Tyr-GTA-1_tRNA	132	41	0
Val-AAC-1_tRNA	131	170	0
Val-CAC-1_tRNA	130	20	0
Val-TAC-1_tRNA	131	104	0
iMet-CAT-1_tRNA	129	568	0
mtAla-TGC-1_tRNA	133	11	0
mtArg-ACG-1_tRNA	131	44	0
mtArg-TCT-1_tRNA	130	40	0
mtAsn-GTT-1_tRNA	128	23	0
mtAsp-GTC-1_tRNA	132	12	0
mtCys-GCA-1_tRNA	133	14	0
mtGln-TTG-1_tRNA	133	116	0
mtGlu-TTC-1_tRNA	129	126	0
mtGly-TCC-1_tRNA	132	9	0
mtHis-GTG-1_tRNA	132	5	0
mtIle-GAT-1_tRNA	133	29	0
mtLeu-TAA-1_tRNA	142	28	0
mtLys-TTT-1_tRNA	131	19	0
mtMet-CAT-1_tRNA	133	54	0
mtPhe-GAA-1_tRNA	132	39	0
mtPro-TGG-1_tRNA	129	51	0
mtSer-GCT-1_tRNA	143	10	0
mtSer-TGA-1_tRNA	147	20	0
mtThr-TAG-1_tRNA	131	5	0
mtThr-TGT-1_tRNA	133	4	0
mtTrp-TCA-1_tRNA	131	6	0
mtTyr-GTA-1_tRNA	141	686	0
mtVal-TAC-1_tRNA	133	31	0
mtfMet-CAT-1_tRNA	135	48	0
oligo3	600	0	0
oligo5	480	19	0
21s_mtrRNA	3296	4179	0
15s_mtrRNA	1649	2768	0
5s_rRNA	121	9396	0
5.8s_rRNA	158	23390	0
18s_rRNA	1800	47671	0
25s_rRNA	3396	56234	0
snR7-L_snRNA	214	58	0
snR14_snRNA	160	105	0
snR6_snRNA	112	7	0
LSR1_snRNA	1175	1073	0
snR19_snRNA	568	462	0
snR7-S_snRNA	179	0	0
HRA1_ncRNA	564	0	0
ICR1_ncRNA	3199	1	0
RUF21_ncRNA	707	1	0
SRG1_ncRNA	551	2	0
PWR1_ncRNA	941	0	0
RUF5-1_ncRNA	710	0	0
IRT1_ncRNA	1489	1	0
SCR1_ncRNA	522	1417	0
RPR1_ncRNA	369	98	0
ZOD1_ncRNA	58	0	0
Q0285_ncRNA	483	40	0
RUF20_ncRNA	443	0	0
RNA170_ncRNA	169	0	0
RME3_ncRNA	1905	0	0
RUF5-2_ncRNA	710	0	0
RUF23_ncRNA	254	0	0
RME2_ncRNA	2223	1	0
RUF22_ncRNA	515	0	0
snR82_snoRNA	268	77	0
snR60_snoRNA	104	23	0
snR71_snoRNA	90	0	0
snR64_snoRNA	101	0	0
snR54_snoRNA	86	0	0
snR67_snoRNA	82	1	0
snR189_snoRNA	189	44	0
snR38_snoRNA	95	2	0
snR190_snoRNA	190	186	0
snR47_snoRNA	99	3	0
snR85_snoRNA	171	17	0
snR50_snoRNA	90	1	0
snR39B_snoRNA	96	0	0
snR49_snoRNA	165	41	0
snR24_snoRNA	89	0	0
snR33_snoRNA	183	28	0
snR66_snoRNA	86	2	0
snR5_snoRNA	204	48	0
snR59_snoRNA	78	0	0
snR39_snoRNA	89	0	0
snR34_snoRNA	203	81	0
snR32_snoRNA	188	62	0
snR77_snoRNA	88	0	0
snR78_snoRNA	87	0	0
snR30_snoRNA	606	206	0
snR68_snoRNA	136	18	0
snR75_snoRNA	89	0	0
snR65_snoRNA	100	1	0
snR45_snoRNA	172	68	0
snR72_snoRNA	98	1	0
NME1_snoRNA	340	74	0
snR42_snoRNA	351	87	0
snR4_snoRNA	186	68	0
snR87_snoRNA	109	0	0
snR44_snoRNA	211	51	0
snR63_snoRNA	255	64	0
snR43_snoRNA	209	56	0
snR52_snoRNA	92	4	0
snR79_snoRNA	84	0	0
snR51_snoRNA	107	117	0
snR48_snoRNA	113	7	0
snR80_snoRNA	171	28	0
snR36_snoRNA	182	27	0
snR55_snoRNA	98	3	0
snR86_snoRNA	1004	77	0
snR40_snoRNA	97	9	0
snR35_snoRNA	204	80	0
snR17a_snoRNA	333	570	0
snR57_snoRNA	88	1	0
snR62_snoRNA	100	0	0
snR56_snoRNA	88	0	0
snR31_snoRNA	225	28	0
snR18_snoRNA	102	2	0
snR37_snoRNA	386	481	0
snR128_snoRNA	126	218	0
snR11_snoRNA	258	130	0
snR73_snoRNA	106	5	0
snR83_snoRNA	306	80	0
snR74_snoRNA	88	0	0
snR3_snoRNA	194	127	0
snR81_snoRNA	201	11	0
snR10_snoRNA	245	129	0
snR70_snoRNA	164	70	0
snR9_snoRNA	187	51	0
snR61_snoRNA	90	2	0
snR13_snoRNA	124	16	0
snR84_snoRNA	550	22	0
snR58_snoRNA	96	2	0
snR191_snoRNA	274	78	0
snR76_snoRNA	109	1	0
snR161_snoRNA	161	12	0
snR17b_snoRNA	332	39	0
snR46_snoRNA	197	28	0
snR41_snoRNA	95	17	0
snR69_snoRNA	101	10	0
snR53_snoRNA	91	0	0
snR8_snoRNA	190	45	0
R2-117-1_Sequins	1039	12639	0
R2-63-3_Sequins	712	20521	0
R1-103-1_Sequins	1754	3503	0
R1-81-2_Sequins	1651	3327	0
Guanine_IVT	165	14598	0
Lysine_IVT	242	15104	0
Tetrahymena_IVT	512	5192	0
*	0	0	0
