Ala-AGC-1_tRNA	130	1464	0
Ala-TGC-1_tRNA	130	393	0
Arg-ACG-1_tRNA	130	625	0
Arg-CCG-1_tRNA	129	30	0
Arg-CCT-1_tRNA	129	37	0
Arg-TCT-1_tRNA	129	457	0
Asn-GTT-1_tRNA	131	467	0
Asp-GTC-1_tRNA	129	624	0
Cys-GCA-1_tRNA	129	177	0
Gln-TTG-2_tRNA	129	393	0
Glu-TTC-1_tRNA	129	617	0
Gly-CCC-1_tRNA	129	128	0
Gly-GCC-1_tRNA	128	776	0
Gly-TCC-1_tRNA	129	1709	0
His-GTG-1_tRNA	129	460	0
Ile-AAT-1_tRNA	131	194	0
Ile-TAT-1_tRNA	130	138	0
Leu-CAA-1_tRNA	139	2163	0
Leu-GAG-1_tRNA	139	46	0
Leu-TAA-1_tRNA	141	481	0
Leu-TAG-1_tRNA	139	277	0
Lys-CTT-1_tRNA	130	644	0
Lys-TTT-1_tRNA	130	510	0
Met-CAT-1_tRNA	130	209	0
Phe-GAA-2_tRNA	130	22	0
Pro-TGG-1_tRNA	129	3015	0
Ser-AGA-1_tRNA	139	1248	0
Ser-GCT-1_tRNA	139	117	0
Ser-TGA-1_tRNA	139	601	0
Thr-AGT-1_tRNA	130	220	0
Thr-CGT-1_tRNA	129	39	0
Thr-TGT-2_tRNA	129	50	0
Trp-CCA-1_tRNA	129	214	0
Tyr-GTA-1_tRNA	132	302	0
Val-AAC-1_tRNA	131	529	0
Val-CAC-1_tRNA	130	51	0
Val-TAC-1_tRNA	131	92	0
iMet-CAT-1_tRNA	129	285	0
mtAla-TGC-1_tRNA	133	48	0
mtArg-ACG-1_tRNA	131	18	0
mtArg-TCT-1_tRNA	130	81	0
mtAsn-GTT-1_tRNA	128	27	0
mtAsp-GTC-1_tRNA	132	51	0
mtCys-GCA-1_tRNA	133	25	0
mtGln-TTG-1_tRNA	133	120	0
mtGlu-TTC-1_tRNA	129	253	0
mtGly-TCC-1_tRNA	132	55	0
mtHis-GTG-1_tRNA	132	12	0
mtIle-GAT-1_tRNA	133	94	0
mtLeu-TAA-1_tRNA	142	103	0
mtLys-TTT-1_tRNA	131	79	0
mtMet-CAT-1_tRNA	133	89	0
mtPhe-GAA-1_tRNA	132	143	0
mtPro-TGG-1_tRNA	129	62	0
mtSer-GCT-1_tRNA	143	20	0
mtSer-TGA-1_tRNA	147	84	0
mtThr-TAG-1_tRNA	131	14	0
mtThr-TGT-1_tRNA	133	33	0
mtTrp-TCA-1_tRNA	131	29	0
mtTyr-GTA-1_tRNA	141	310	0
mtVal-TAC-1_tRNA	133	57	0
mtfMet-CAT-1_tRNA	135	105	0
oligo3	600	1	0
oligo5	480	7	0
21s_mtrRNA	3296	639	0
15s_mtrRNA	1649	358	0
5s_rRNA	121	4110	0
5.8s_rRNA	158	4968	0
18s_rRNA	1800	6818	0
25s_rRNA	3396	6682	0
snR7-L_snRNA	214	10	0
snR14_snRNA	160	21	0
snR6_snRNA	112	1	0
LSR1_snRNA	1175	111	0
snR19_snRNA	568	52	0
snR7-S_snRNA	179	0	0
HRA1_ncRNA	564	0	0
ICR1_ncRNA	3199	0	0
RUF21_ncRNA	707	0	0
SRG1_ncRNA	551	0	0
PWR1_ncRNA	941	0	0
RUF5-1_ncRNA	710	0	0
IRT1_ncRNA	1489	0	0
SCR1_ncRNA	522	192	0
RPR1_ncRNA	369	28	0
ZOD1_ncRNA	58	0	0
Q0285_ncRNA	483	8	0
RUF20_ncRNA	443	0	0
RNA170_ncRNA	169	0	0
RME3_ncRNA	1905	0	0
RUF5-2_ncRNA	710	0	0
RUF23_ncRNA	254	0	0
RME2_ncRNA	2223	0	0
RUF22_ncRNA	515	0	0
snR82_snoRNA	268	10	0
snR60_snoRNA	104	4	0
snR71_snoRNA	90	1	0
snR64_snoRNA	101	3	0
snR54_snoRNA	86	0	0
snR67_snoRNA	82	0	0
snR189_snoRNA	189	6	0
snR38_snoRNA	95	0	0
snR190_snoRNA	190	30	0
snR47_snoRNA	99	1	0
snR85_snoRNA	171	2	0
snR50_snoRNA	90	0	0
snR39B_snoRNA	96	1	0
snR49_snoRNA	165	2	0
snR24_snoRNA	89	0	0
snR33_snoRNA	183	8	0
snR66_snoRNA	86	0	0
snR5_snoRNA	204	5	0
snR59_snoRNA	78	0	0
snR39_snoRNA	89	0	0
snR34_snoRNA	203	15	0
snR32_snoRNA	188	6	0
snR77_snoRNA	88	0	0
snR78_snoRNA	87	0	0
snR30_snoRNA	606	17	0
snR68_snoRNA	136	1	0
snR75_snoRNA	89	0	0
snR65_snoRNA	100	0	0
snR45_snoRNA	172	17	0
snR72_snoRNA	98	0	0
NME1_snoRNA	340	8	0
snR42_snoRNA	351	13	0
snR4_snoRNA	186	11	0
snR87_snoRNA	109	0	0
snR44_snoRNA	211	10	0
snR63_snoRNA	255	10	0
snR43_snoRNA	209	5	0
snR52_snoRNA	92	0	0
snR79_snoRNA	84	0	0
snR51_snoRNA	107	19	0
snR48_snoRNA	113	1	0
snR80_snoRNA	171	5	0
snR36_snoRNA	182	7	0
snR55_snoRNA	98	0	0
snR86_snoRNA	1004	8	0
snR40_snoRNA	97	3	0
snR35_snoRNA	204	19	0
snR17a_snoRNA	333	41	0
snR57_snoRNA	88	1	0
snR62_snoRNA	100	0	0
snR56_snoRNA	88	0	0
snR31_snoRNA	225	9	0
snR18_snoRNA	102	2	0
snR37_snoRNA	386	76	0
snR128_snoRNA	126	75	0
snR11_snoRNA	258	22	0
snR73_snoRNA	106	3	0
snR83_snoRNA	306	8	0
snR74_snoRNA	88	0	0
snR3_snoRNA	194	25	0
snR81_snoRNA	201	2	0
snR10_snoRNA	245	17	0
snR70_snoRNA	164	17	0
snR9_snoRNA	187	19	0
snR61_snoRNA	90	0	0
snR13_snoRNA	124	0	0
snR84_snoRNA	550	3	0
snR58_snoRNA	96	0	0
snR191_snoRNA	274	11	0
snR76_snoRNA	109	0	0
snR161_snoRNA	161	2	0
snR17b_snoRNA	332	2	0
snR46_snoRNA	197	2	0
snR41_snoRNA	95	8	0
snR69_snoRNA	101	1	0
snR53_snoRNA	91	0	0
snR8_snoRNA	190	6	0
R2-117-1_Sequins	1039	1480	0
R2-63-3_Sequins	712	3651	0
R1-103-1_Sequins	1754	399	0
R1-81-2_Sequins	1651	359	0
Guanine_IVT	165	1099	0
Lysine_IVT	242	630	0
Tetrahymena_IVT	512	714	0
*	0	0	0
