Ala-AGC-1_tRNA	130	442	0
Ala-TGC-1_tRNA	130	367	0
Arg-ACG-1_tRNA	130	249	0
Arg-CCG-1_tRNA	129	26	0
Arg-CCT-1_tRNA	129	34	0
Arg-TCT-1_tRNA	129	231	0
Asn-GTT-1_tRNA	131	166	0
Asp-GTC-1_tRNA	129	707	0
Cys-GCA-1_tRNA	129	127	0
Gln-TTG-2_tRNA	129	511	0
Glu-TTC-1_tRNA	129	1359	0
Gly-CCC-1_tRNA	129	154	0
Gly-GCC-1_tRNA	128	920	0
Gly-TCC-1_tRNA	129	2189	0
His-GTG-1_tRNA	129	1428	0
Ile-AAT-1_tRNA	131	156	0
Ile-TAT-1_tRNA	130	86	0
Leu-CAA-1_tRNA	139	3432	0
Leu-GAG-1_tRNA	139	5	0
Leu-TAA-1_tRNA	141	339	0
Leu-TAG-1_tRNA	139	48	0
Lys-CTT-1_tRNA	130	298	0
Lys-TTT-1_tRNA	130	105	0
Met-CAT-1_tRNA	130	22	0
Phe-GAA-2_tRNA	130	2	0
Pro-TGG-1_tRNA	129	4533	0
Ser-AGA-1_tRNA	139	1575	0
Ser-GCT-1_tRNA	139	154	0
Ser-TGA-1_tRNA	139	608	0
Thr-AGT-1_tRNA	130	70	0
Thr-CGT-1_tRNA	129	27	0
Thr-TGT-2_tRNA	129	23	0
Trp-CCA-1_tRNA	129	322	0
Tyr-GTA-1_tRNA	132	52	0
Val-AAC-1_tRNA	131	510	0
Val-CAC-1_tRNA	130	17	0
Val-TAC-1_tRNA	131	19	0
iMet-CAT-1_tRNA	129	0	0
mtAla-TGC-1_tRNA	133	59	0
mtArg-ACG-1_tRNA	131	31	0
mtArg-TCT-1_tRNA	130	170	0
mtAsn-GTT-1_tRNA	128	113	0
mtAsp-GTC-1_tRNA	132	91	0
mtCys-GCA-1_tRNA	133	89	0
mtGln-TTG-1_tRNA	133	308	0
mtGlu-TTC-1_tRNA	129	378	0
mtGly-TCC-1_tRNA	132	54	0
mtHis-GTG-1_tRNA	132	18	0
mtIle-GAT-1_tRNA	133	159	0
mtLeu-TAA-1_tRNA	142	89	0
mtLys-TTT-1_tRNA	131	97	0
mtMet-CAT-1_tRNA	133	175	0
mtPhe-GAA-1_tRNA	132	68	0
mtPro-TGG-1_tRNA	129	62	0
mtSer-GCT-1_tRNA	143	43	0
mtSer-TGA-1_tRNA	147	99	0
mtThr-TAG-1_tRNA	131	19	0
mtThr-TGT-1_tRNA	133	41	0
mtTrp-TCA-1_tRNA	131	53	0
mtTyr-GTA-1_tRNA	141	702	0
mtVal-TAC-1_tRNA	133	82	0
mtfMet-CAT-1_tRNA	135	69	0
oligo3	600	0	0
oligo5	480	7	0
21s_mtrRNA	3296	1271	0
15s_mtrRNA	1649	674	0
5s_rRNA	121	10542	0
5.8s_rRNA	158	13152	0
18s_rRNA	1800	11771	0
25s_rRNA	3396	12935	0
snR7-L_snRNA	214	29	0
snR14_snRNA	160	52	0
snR6_snRNA	112	9	0
LSR1_snRNA	1175	212	0
snR19_snRNA	568	116	0
snR7-S_snRNA	179	0	0
HRA1_ncRNA	564	0	0
ICR1_ncRNA	3199	0	0
RUF21_ncRNA	707	1	0
SRG1_ncRNA	551	0	0
PWR1_ncRNA	941	0	0
RUF5-1_ncRNA	710	0	0
IRT1_ncRNA	1489	0	0
SCR1_ncRNA	522	387	0
RPR1_ncRNA	369	18	0
ZOD1_ncRNA	58	0	0
Q0285_ncRNA	483	18	0
RUF20_ncRNA	443	0	0
RNA170_ncRNA	169	0	0
RME3_ncRNA	1905	0	0
RUF5-2_ncRNA	710	0	0
RUF23_ncRNA	254	0	0
RME2_ncRNA	2223	1	0
RUF22_ncRNA	515	0	0
snR82_snoRNA	268	19	0
snR60_snoRNA	104	13	0
snR71_snoRNA	90	1	0
snR64_snoRNA	101	11	0
snR54_snoRNA	86	0	0
snR67_snoRNA	82	0	0
snR189_snoRNA	189	20	0
snR38_snoRNA	95	0	0
snR190_snoRNA	190	92	0
snR47_snoRNA	99	1	0
snR85_snoRNA	171	5	0
snR50_snoRNA	90	0	0
snR39B_snoRNA	96	1	0
snR49_snoRNA	165	16	0
snR24_snoRNA	89	0	0
snR33_snoRNA	183	17	0
snR66_snoRNA	86	1	0
snR5_snoRNA	204	26	0
snR59_snoRNA	78	0	0
snR39_snoRNA	89	0	0
snR34_snoRNA	203	31	0
snR32_snoRNA	188	26	0
snR77_snoRNA	88	0	0
snR78_snoRNA	87	0	0
snR30_snoRNA	606	59	0
snR68_snoRNA	136	5	0
snR75_snoRNA	89	0	0
snR65_snoRNA	100	0	0
snR45_snoRNA	172	35	0
snR72_snoRNA	98	0	0
NME1_snoRNA	340	31	0
snR42_snoRNA	351	26	0
snR4_snoRNA	186	36	0
snR87_snoRNA	109	1	0
snR44_snoRNA	211	16	0
snR63_snoRNA	255	34	0
snR43_snoRNA	209	23	0
snR52_snoRNA	92	0	0
snR79_snoRNA	84	0	0
snR51_snoRNA	107	36	0
snR48_snoRNA	113	3	0
snR80_snoRNA	171	13	0
snR36_snoRNA	182	13	0
snR55_snoRNA	98	0	0
snR86_snoRNA	1004	15	0
snR40_snoRNA	97	5	0
snR35_snoRNA	204	39	0
snR17a_snoRNA	333	204	0
snR57_snoRNA	88	2	0
snR62_snoRNA	100	2	0
snR56_snoRNA	88	0	0
snR31_snoRNA	225	14	0
snR18_snoRNA	102	1	0
snR37_snoRNA	386	148	0
snR128_snoRNA	126	145	0
snR11_snoRNA	258	43	0
snR73_snoRNA	106	4	0
snR83_snoRNA	306	16	0
snR74_snoRNA	88	0	0
snR3_snoRNA	194	43	0
snR81_snoRNA	201	6	0
snR10_snoRNA	245	32	0
snR70_snoRNA	164	34	0
snR9_snoRNA	187	30	0
snR61_snoRNA	90	0	0
snR13_snoRNA	124	1	0
snR84_snoRNA	550	14	0
snR58_snoRNA	96	0	0
snR191_snoRNA	274	18	0
snR76_snoRNA	109	2	0
snR161_snoRNA	161	1	0
snR17b_snoRNA	332	12	0
snR46_snoRNA	197	13	0
snR41_snoRNA	95	13	0
snR69_snoRNA	101	9	0
snR53_snoRNA	91	0	0
snR8_snoRNA	190	16	0
R2-117-1_Sequins	1039	2983	0
R2-63-3_Sequins	712	6558	0
R1-103-1_Sequins	1754	808	0
R1-81-2_Sequins	1651	689	0
Guanine_IVT	165	5495	0
Lysine_IVT	242	3128	0
Tetrahymena_IVT	512	1624	0
*	0	0	0
