Ala-AGC-1_tRNA	130	3185	0
Ala-TGC-1_tRNA	130	303	0
Arg-ACG-1_tRNA	130	744	0
Arg-CCG-1_tRNA	129	41	0
Arg-CCT-1_tRNA	129	28	0
Arg-TCT-1_tRNA	129	112	0
Asn-GTT-1_tRNA	131	484	0
Asp-GTC-1_tRNA	129	685	0
Cys-GCA-1_tRNA	129	107	0
Gln-TTG-2_tRNA	129	333	0
Glu-TTC-1_tRNA	129	2648	0
Gly-CCC-1_tRNA	129	205	0
Gly-GCC-1_tRNA	128	888	0
Gly-TCC-1_tRNA	129	5321	0
His-GTG-1_tRNA	129	1474	0
Ile-AAT-1_tRNA	131	111	0
Ile-TAT-1_tRNA	130	127	0
Leu-CAA-1_tRNA	139	7889	0
Leu-GAG-1_tRNA	139	27	0
Leu-TAA-1_tRNA	141	575	0
Leu-TAG-1_tRNA	139	48	0
Lys-CTT-1_tRNA	130	574	0
Lys-TTT-1_tRNA	130	144	0
Met-CAT-1_tRNA	130	23	0
Phe-GAA-2_tRNA	130	1	0
Pro-TGG-1_tRNA	129	6408	0
Ser-AGA-1_tRNA	139	3403	0
Ser-GCT-1_tRNA	139	254	0
Ser-TGA-1_tRNA	139	1620	0
Thr-AGT-1_tRNA	130	15	0
Thr-CGT-1_tRNA	129	34	0
Thr-TGT-2_tRNA	129	11	0
Trp-CCA-1_tRNA	129	93	0
Tyr-GTA-1_tRNA	132	62	0
Val-AAC-1_tRNA	131	223	0
Val-CAC-1_tRNA	130	30	0
Val-TAC-1_tRNA	131	32	0
iMet-CAT-1_tRNA	129	279	0
mtAla-TGC-1_tRNA	133	51	0
mtArg-ACG-1_tRNA	131	88	0
mtArg-TCT-1_tRNA	130	111	0
mtAsn-GTT-1_tRNA	128	47	0
mtAsp-GTC-1_tRNA	132	57	0
mtCys-GCA-1_tRNA	133	93	0
mtGln-TTG-1_tRNA	133	250	0
mtGlu-TTC-1_tRNA	129	258	0
mtGly-TCC-1_tRNA	132	35	0
mtHis-GTG-1_tRNA	132	14	0
mtIle-GAT-1_tRNA	133	74	0
mtLeu-TAA-1_tRNA	142	63	0
mtLys-TTT-1_tRNA	131	52	0
mtMet-CAT-1_tRNA	133	132	0
mtPhe-GAA-1_tRNA	132	30	0
mtPro-TGG-1_tRNA	129	40	0
mtSer-GCT-1_tRNA	143	26	0
mtSer-TGA-1_tRNA	147	92	0
mtThr-TAG-1_tRNA	131	33	0
mtThr-TGT-1_tRNA	133	19	0
mtTrp-TCA-1_tRNA	131	34	0
mtTyr-GTA-1_tRNA	141	1218	0
mtVal-TAC-1_tRNA	133	102	0
mtfMet-CAT-1_tRNA	135	33	0
oligo3	600	0	0
oligo5	480	27	0
21s_mtrRNA	3296	4460	0
15s_mtrRNA	1649	1946	0
5s_rRNA	121	37522	0
5.8s_rRNA	158	32541	0
18s_rRNA	1800	32688	0
25s_rRNA	3396	45791	0
snR7-L_snRNA	214	81	0
snR14_snRNA	160	171	0
snR6_snRNA	112	12	0
LSR1_snRNA	1175	1034	0
snR19_snRNA	568	336	0
snR7-S_snRNA	179	0	0
HRA1_ncRNA	564	0	0
ICR1_ncRNA	3199	0	0
RUF21_ncRNA	707	0	0
SRG1_ncRNA	551	1	0
PWR1_ncRNA	941	0	0
RUF5-1_ncRNA	710	0	0
IRT1_ncRNA	1489	0	0
SCR1_ncRNA	522	1079	0
RPR1_ncRNA	369	114	0
ZOD1_ncRNA	58	0	0
Q0285_ncRNA	483	88	0
RUF20_ncRNA	443	0	0
RNA170_ncRNA	169	0	0
RME3_ncRNA	1905	1	0
RUF5-2_ncRNA	710	0	0
RUF23_ncRNA	254	0	0
RME2_ncRNA	2223	1	0
RUF22_ncRNA	515	0	0
snR82_snoRNA	268	76	0
snR60_snoRNA	104	35	0
snR71_snoRNA	90	0	0
snR64_snoRNA	101	31	0
snR54_snoRNA	86	0	0
snR67_snoRNA	82	0	0
snR189_snoRNA	189	41	0
snR38_snoRNA	95	0	0
snR190_snoRNA	190	231	0
snR47_snoRNA	99	4	0
snR85_snoRNA	171	25	0
snR50_snoRNA	90	0	0
snR39B_snoRNA	96	4	0
snR49_snoRNA	165	50	0
snR24_snoRNA	89	0	0
snR33_snoRNA	183	47	0
snR66_snoRNA	86	0	0
snR5_snoRNA	204	65	0
snR59_snoRNA	78	0	0
snR39_snoRNA	89	0	0
snR34_snoRNA	203	111	0
snR32_snoRNA	188	86	0
snR77_snoRNA	88	0	0
snR78_snoRNA	87	0	0
snR30_snoRNA	606	151	0
snR68_snoRNA	136	34	0
snR75_snoRNA	89	0	0
snR65_snoRNA	100	0	0
snR45_snoRNA	172	155	0
snR72_snoRNA	98	1	0
NME1_snoRNA	340	100	0
snR42_snoRNA	351	101	0
snR4_snoRNA	186	95	0
snR87_snoRNA	109	0	0
snR44_snoRNA	211	63	0
snR63_snoRNA	255	74	0
snR43_snoRNA	209	71	0
snR52_snoRNA	92	1	0
snR79_snoRNA	84	1	0
snR51_snoRNA	107	104	0
snR48_snoRNA	113	13	0
snR80_snoRNA	171	44	0
snR36_snoRNA	182	25	0
snR55_snoRNA	98	1	0
snR86_snoRNA	1004	73	0
snR40_snoRNA	97	24	0
snR35_snoRNA	204	119	0
snR17a_snoRNA	333	219	0
snR57_snoRNA	88	2	0
snR62_snoRNA	100	0	0
snR56_snoRNA	88	0	0
snR31_snoRNA	225	31	0
snR18_snoRNA	102	3	0
snR37_snoRNA	386	569	0
snR128_snoRNA	126	341	0
snR11_snoRNA	258	144	0
snR73_snoRNA	106	10	0
snR83_snoRNA	306	70	0
snR74_snoRNA	88	0	0
snR3_snoRNA	194	150	0
snR81_snoRNA	201	14	0
snR10_snoRNA	245	102	0
snR70_snoRNA	164	103	0
snR9_snoRNA	187	87	0
snR61_snoRNA	90	0	0
snR13_snoRNA	124	46	0
snR84_snoRNA	550	43	0
snR58_snoRNA	96	2	0
snR191_snoRNA	274	85	0
snR76_snoRNA	109	9	0
snR161_snoRNA	161	16	0
snR17b_snoRNA	332	11	0
snR46_snoRNA	197	26	0
snR41_snoRNA	95	48	0
snR69_snoRNA	101	25	0
snR53_snoRNA	91	1	0
snR8_snoRNA	190	40	0
R2-117-1_Sequins	1039	11366	0
R2-63-3_Sequins	712	18572	0
R1-103-1_Sequins	1754	2578	0
R1-81-2_Sequins	1651	2152	0
Guanine_IVT	165	14629	0
Lysine_IVT	242	3743	0
Tetrahymena_IVT	512	5523	0
*	0	0	0
