Ala-AGC-1_tRNA	130	631	0
Ala-TGC-1_tRNA	130	1135	0
Arg-ACG-1_tRNA	130	419	0
Arg-CCG-1_tRNA	129	72	0
Arg-CCT-1_tRNA	129	126	0
Arg-TCT-1_tRNA	129	514	0
Asn-GTT-1_tRNA	131	344	0
Asp-GTC-1_tRNA	129	2003	0
Cys-GCA-1_tRNA	129	241	0
Gln-TTG-2_tRNA	129	254	0
Glu-TTC-1_tRNA	129	3818	0
Gly-CCC-1_tRNA	129	409	0
Gly-GCC-1_tRNA	128	2947	0
Gly-TCC-1_tRNA	129	6183	0
His-GTG-1_tRNA	129	1024	0
Ile-AAT-1_tRNA	131	287	0
Ile-TAT-1_tRNA	130	119	0
Leu-CAA-1_tRNA	139	8452	0
Leu-GAG-1_tRNA	139	15	0
Leu-TAA-1_tRNA	141	873	0
Leu-TAG-1_tRNA	139	95	0
Lys-CTT-1_tRNA	130	665	0
Lys-TTT-1_tRNA	130	194	0
Met-CAT-1_tRNA	130	27	0
Phe-GAA-2_tRNA	130	3	0
Pro-TGG-1_tRNA	129	9361	0
Ser-AGA-1_tRNA	139	3753	0
Ser-GCT-1_tRNA	139	300	0
Ser-TGA-1_tRNA	139	2012	0
Thr-AGT-1_tRNA	130	96	0
Thr-CGT-1_tRNA	129	58	0
Thr-TGT-2_tRNA	129	88	0
Trp-CCA-1_tRNA	129	549	0
Tyr-GTA-1_tRNA	132	121	0
Val-AAC-1_tRNA	131	712	0
Val-CAC-1_tRNA	130	28	0
Val-TAC-1_tRNA	131	26	0
iMet-CAT-1_tRNA	129	7	0
mtAla-TGC-1_tRNA	133	163	0
mtArg-ACG-1_tRNA	131	167	0
mtArg-TCT-1_tRNA	130	426	0
mtAsn-GTT-1_tRNA	128	115	0
mtAsp-GTC-1_tRNA	132	141	0
mtCys-GCA-1_tRNA	133	198	0
mtGln-TTG-1_tRNA	133	646	0
mtGlu-TTC-1_tRNA	129	852	0
mtGly-TCC-1_tRNA	132	134	0
mtHis-GTG-1_tRNA	132	37	0
mtIle-GAT-1_tRNA	133	358	0
mtLeu-TAA-1_tRNA	142	250	0
mtLys-TTT-1_tRNA	131	219	0
mtMet-CAT-1_tRNA	133	419	0
mtPhe-GAA-1_tRNA	132	156	0
mtPro-TGG-1_tRNA	129	58	0
mtSer-GCT-1_tRNA	143	78	0
mtSer-TGA-1_tRNA	147	145	0
mtThr-TAG-1_tRNA	131	46	0
mtThr-TGT-1_tRNA	133	102	0
mtTrp-TCA-1_tRNA	131	117	0
mtTyr-GTA-1_tRNA	141	1790	0
mtVal-TAC-1_tRNA	133	209	0
mtfMet-CAT-1_tRNA	135	90	0
oligo3	600	1	0
oligo5	480	8	0
21s_mtrRNA	3296	2717	0
15s_mtrRNA	1649	1783	0
5s_rRNA	121	29683	0
5.8s_rRNA	158	38042	0
18s_rRNA	1800	24251	0
25s_rRNA	3396	33661	0
snR7-L_snRNA	214	70	0
snR14_snRNA	160	145	0
snR6_snRNA	112	24	0
LSR1_snRNA	1175	438	0
snR19_snRNA	568	482	0
snR7-S_snRNA	179	0	0
HRA1_ncRNA	564	0	0
ICR1_ncRNA	3199	0	0
RUF21_ncRNA	707	1	0
SRG1_ncRNA	551	0	0
PWR1_ncRNA	941	0	0
RUF5-1_ncRNA	710	0	0
IRT1_ncRNA	1489	0	0
SCR1_ncRNA	522	1055	0
RPR1_ncRNA	369	66	0
ZOD1_ncRNA	58	0	0
Q0285_ncRNA	483	59	0
RUF20_ncRNA	443	0	0
RNA170_ncRNA	169	0	0
RME3_ncRNA	1905	0	0
RUF5-2_ncRNA	710	0	0
RUF23_ncRNA	254	0	0
RME2_ncRNA	2223	0	0
RUF22_ncRNA	515	0	0
snR82_snoRNA	268	62	0
snR60_snoRNA	104	34	0
snR71_snoRNA	90	1	0
snR64_snoRNA	101	47	0
snR54_snoRNA	86	0	0
snR67_snoRNA	82	0	0
snR189_snoRNA	189	36	0
snR38_snoRNA	95	0	0
snR190_snoRNA	190	210	0
snR47_snoRNA	99	10	0
snR85_snoRNA	171	26	0
snR50_snoRNA	90	0	0
snR39B_snoRNA	96	3	0
snR49_snoRNA	165	56	0
snR24_snoRNA	89	1	0
snR33_snoRNA	183	46	0
snR66_snoRNA	86	2	0
snR5_snoRNA	204	55	0
snR59_snoRNA	78	0	0
snR39_snoRNA	89	0	0
snR34_snoRNA	203	71	0
snR32_snoRNA	188	87	0
snR77_snoRNA	88	0	0
snR78_snoRNA	87	0	0
snR30_snoRNA	606	133	0
snR68_snoRNA	136	21	0
snR75_snoRNA	89	0	0
snR65_snoRNA	100	0	0
snR45_snoRNA	172	108	0
snR72_snoRNA	98	0	0
NME1_snoRNA	340	58	0
snR42_snoRNA	351	74	0
snR4_snoRNA	186	103	0
snR87_snoRNA	109	0	0
snR44_snoRNA	211	38	0
snR63_snoRNA	255	45	0
snR43_snoRNA	209	51	0
snR52_snoRNA	92	0	0
snR79_snoRNA	84	0	0
snR51_snoRNA	107	102	0
snR48_snoRNA	113	8	0
snR80_snoRNA	171	39	0
snR36_snoRNA	182	22	0
snR55_snoRNA	98	7	0
snR86_snoRNA	1004	48	0
snR40_snoRNA	97	37	0
snR35_snoRNA	204	89	0
snR17a_snoRNA	333	181	0
snR57_snoRNA	88	2	0
snR62_snoRNA	100	0	0
snR56_snoRNA	88	0	0
snR31_snoRNA	225	37	0
snR18_snoRNA	102	4	0
snR37_snoRNA	386	386	0
snR128_snoRNA	126	382	0
snR11_snoRNA	258	90	0
snR73_snoRNA	106	15	0
snR83_snoRNA	306	60	0
snR74_snoRNA	88	0	0
snR3_snoRNA	194	153	0
snR81_snoRNA	201	13	0
snR10_snoRNA	245	121	0
snR70_snoRNA	164	108	0
snR9_snoRNA	187	82	0
snR61_snoRNA	90	1	0
snR13_snoRNA	124	20	0
snR84_snoRNA	550	37	0
snR58_snoRNA	96	1	0
snR191_snoRNA	274	73	0
snR76_snoRNA	109	10	0
snR161_snoRNA	161	12	0
snR17b_snoRNA	332	7	0
snR46_snoRNA	197	29	0
snR41_snoRNA	95	36	0
snR69_snoRNA	101	26	0
snR53_snoRNA	91	7	0
snR8_snoRNA	190	49	0
R2-117-1_Sequins	1039	9057	0
R2-63-3_Sequins	712	17560	0
R1-103-1_Sequins	1754	2385	0
R1-81-2_Sequins	1651	1981	0
Guanine_IVT	165	16417	0
Lysine_IVT	242	8178	0
Tetrahymena_IVT	512	4364	0
*	0	0	0
